{"loss": 1.2606174945831299, "binary_accuracy": 0.6177777647972107, "f1": 0.0, "recall": 0.0, "percision": 0.0}