{"binary_accuracy": [0.5891813039779663, 0.6988304257392883], "loss": [1.0852208137512207, 0.9306173324584961], "precision": [0.37016573548316956, 0.609375], "recall": [0.28632479906082153, 0.3333333432674408], "val_binary_accuracy": [0.6875, 0.6875], "val_loss": [1.3166096210479736, 1.228150725364685], "val_precision": [0.0, 0.0], "val_recall": [0.0, 0.0]}