{"binary_accuracy": [0.6442728042602539, 0.6680268049240112], "f1_m": [0.4495616555213928, 0.4478120505809784], "loss": [5.686734199523926, 5.315484523773193], "precision": [0.32403433322906494, 0.48571428656578064], "recall": [0.06631533056497574, 0.007465964183211327], "val_binary_accuracy": [0.6702702641487122, 0.6702702641487122], "val_f1_m": [0.45132866501808167, 0.4510597884654999], "val_loss": [5.268537521362305, 5.268516540527344], "val_precision": [0.5, 0.5], "val_recall": [0.00956284161657095, 0.00956284161657095]}