{"binary_accuracy": [0.9640287756919861, 1.0], "f1_m": [0.0, 0.0], "loss": [0.567517876625061, 0.3502107560634613], "precision": [0.0, 0.0], "recall": [0.0, 0.0], "val_binary_accuracy": [1.0, 1.0], "val_f1_m": [0.0, 0.0], "val_loss": [0.42193594574928284, 0.2549484074115753], "val_precision": [0.0, 0.0], "val_recall": [0.0, 0.0]}