{"binary_accuracy": [0.36403509974479675, 0.35672515630722046, 0.35087719559669495, 0.34941521286964417, 0.34941521286964417, 0.34941521286964417, 0.34941521286964417, 0.34941521286964417, 0.34941521286964417, 0.34941521286964417], "f1_m": [0.46564817428588867, 0.4663770794868469, 0.46621355414390564, 0.4663797616958618, 0.46754521131515503, 0.4665910005569458, 0.46644464135169983, 0.4648827314376831, 0.46706998348236084, 0.46656733751296997], "loss": [10.107681274414062, 10.22110652923584, 10.313029289245605, 10.313006401062012, 10.31298542022705, 10.31296443939209, 10.312942504882812, 10.31291675567627, 10.31289291381836, 10.312870025634766], "precision": [0.3407289981842041, 0.3439393937587738, 0.34421366453170776, 0.3432392179965973, 0.3432392179965973, 0.3432392179965973, 0.3432392179965973, 0.3432392179965973, 0.3432392179965973, 0.3432392179965973], "precision_m": [0.34210526943206787, 0.34210526943206787, 0.34210526943206787, 0.34210526943206787, 0.34210526943206787, 0.34210526943206787, 0.34210526943206787, 0.34210526943206787, 0.34210526943206787, 0.34210526943206787], "recall": [0.9188033938407898, 0.9700854420661926, 0.9914529919624329, 0.9871794581413269, 0.9871794581413269, 0.9871794581413269, 0.9871794581413269, 0.9871794581413269, 0.9871794581413269, 0.9871794581413269], "recall_m": [1.4497134685516357, 1.4979453086853027, 1.5304385423660278, 1.5307133197784424, 1.536109447479248, 1.5316685438156128, 1.5322226285934448, 1.524300217628479, 1.5345818996429443, 1.5301082134246826], "val_binary_accuracy": [0.3173076808452606, 0.32211539149284363, 0.32211539149284363, 0.32211539149284363, 0.32211539149284363, 0.32211539149284363, 0.32211539149284363, 0.32211539149284363, 0.32211539149284363, 0.32211539149284363], "val_f1_m": [0.432394802570343, 0.4328371584415436, 0.4336666464805603, 0.4355827569961548, 0.435403048992157, 0.4352138340473175, 0.4333815276622772, 0.43205997347831726, 0.4325302839279175, 0.43294423818588257], "val_loss": [10.896282196044922, 10.813695907592773, 10.813668251037598, 10.813639640808105, 10.81361198425293, 10.813582420349121, 10.813551902770996, 10.813515663146973, 10.813486099243164, 10.813459396362305], "val_precision": [0.30051812529563904, 0.31553396582603455, 0.31553396582603455, 0.31553396582603455, 0.31553396582603455, 0.31553396582603455, 0.31553396582603455, 0.31553396582603455, 0.31553396582603455, 0.31553396582603455], "val_precision_m": [0.31039664149284363, 0.3125, 0.3125, 0.3125, 0.3125, 0.3125, 0.3125, 0.3125, 0.3125, 0.3125], "val_recall": [0.892307698726654, 1.0, 1.0, 1.0, 1.0, 1.0, 1.0, 1.0, 1.0, 1.0], "val_recall_m": [1.3527028560638428, 1.4669722318649292, 1.4686229228973389, 1.4753519296646118, 1.4758164882659912, 1.474259614944458, 1.4649955034255981, 1.4609105587005615, 1.4593671560287476, 1.4655181169509888]}