{"binary_accuracy": [0.5107913613319397, 0.5611510872840881, 0.7158273458480835, 0.8129496574401855, 0.8884891867637634, 0.9532374143600464], "f1_m": [0.0, 0.0, 0.0, 0.0, 0.0, 0.0], "loss": [1.6212807893753052, 1.771287202835083, 1.3569538593292236, 1.2966020107269287, 1.2295739650726318, 1.1614415645599365], "precision": [0.0, 0.0, 0.0, 0.0, 0.0, 0.0], "recall": [0.0, 0.0, 0.0, 0.0, 0.0, 0.0], "val_binary_accuracy": [1.0, 1.0, 1.0, 1.0, 1.0, 1.0], "val_f1_m": [0.0, 0.0, 0.0, 0.0, 0.0, 0.0], "val_loss": [1.3950762748718262, 1.3366968631744385, 1.2745566368103027, 1.2190110683441162, 1.1607673168182373, 1.106669545173645], "val_precision": [0.0, 0.0, 0.0, 0.0, 0.0, 0.0], "val_recall": [0.0, 0.0, 0.0, 0.0, 0.0, 0.0]}